-- phpMyAdmin SQL Dump
-- version 5.2.1
-- https://www.phpmyadmin.net/
--
-- Host: 127.0.0.1
-- Waktu pembuatan: 14 Mar 2025 pada 03.51
-- Versi server: 10.4.28-MariaDB
-- Versi PHP: 8.2.4

SET SQL_MODE = "NO_AUTO_VALUE_ON_ZERO";
START TRANSACTION;
SET time_zone = "+00:00";


/*!40101 SET @OLD_CHARACTER_SET_CLIENT=@@CHARACTER_SET_CLIENT */;
/*!40101 SET @OLD_CHARACTER_SET_RESULTS=@@CHARACTER_SET_RESULTS */;
/*!40101 SET @OLD_COLLATION_CONNECTION=@@COLLATION_CONNECTION */;
/*!40101 SET NAMES utf8mb4 */;

--
-- Database: `dbms11_2410506001`
--

-- --------------------------------------------------------

--
-- Struktur dari tabel `mahasiswa`
--

CREATE TABLE `mahasiswa` (
  `nim` char(9) NOT NULL,
  `nama` varchar(30) NOT NULL,
  `alamat` varchar(30) NOT NULL
) ENGINE=InnoDB DEFAULT CHARSET=utf8mb4 COLLATE=utf8mb4_general_ci;

--
-- Dumping data untuk tabel `mahasiswa`
--

INSERT INTO `mahasiswa` (`nim`, `nama`, `alamat`) VALUES
('214002001', 'budi', 'bandung'),
('214002002', 'ahmad', 'semarang'),
('214002003', 'andi', 'jakarta'),
('214002004', 'joko', 'padang'),
('214002005', 'rani', 'jakarta'),
('214002006', 'kenta', 'bandung'),
('214002007', 'indah', 'semarang');

-- --------------------------------------------------------

--
-- Struktur dari tabel `peminjaman`
--

CREATE TABLE `peminjaman` (
  `id_peminjaman` int(11) NOT NULL,
  `nim` char(9) NOT NULL,
  `buku` varchar(100) NOT NULL
) ENGINE=InnoDB DEFAULT CHARSET=utf8mb4 COLLATE=utf8mb4_general_ci;

--
-- Dumping data untuk tabel `peminjaman`
--

INSERT INTO `peminjaman` (`id_peminjaman`, `nim`, `buku`) VALUES
(1, '214002001', 'Buku Psikologi Klinis'),
(2, '214002002', 'Buku Biologi'),
(3, '214002003', 'Buku Kimia'),
(4, '214002005', 'Buku Teknik Kelistrikan'),
(5, '214002006', 'Buku Teknik Bangunan'),
(6, '214002010', 'Buku Dasar-dasar Pemrograman'),
(7, '214002011', 'Buku Fisika');

-- --------------------------------------------------------

--
-- Struktur dari tabel `tbgaji`
--

CREATE TABLE `tbgaji` (
  `GOl` int(1) NOT NULL,
  `Gapok` int(12) DEFAULT NULL
) ENGINE=InnoDB DEFAULT CHARSET=utf8mb4 COLLATE=utf8mb4_general_ci;

--
-- Dumping data untuk tabel `tbgaji`
--

INSERT INTO `tbgaji` (`GOl`, `Gapok`) VALUES
(1, 1500000),
(2, 2000000),
(3, 3500000),
(4, 5000000);

-- --------------------------------------------------------

--
-- Struktur dari tabel `tbpegawai`
--

CREATE TABLE `tbpegawai` (
  `nip` varchar(5) NOT NULL,
  `nama` varchar(25) DEFAULT NULL,
  `tgl_lahir` date DEFAULT NULL,
  `kota` varchar(15) DEFAULT NULL,
  `thn_masuk` year(4) DEFAULT NULL,
  `gol` int(1) DEFAULT NULL
) ENGINE=InnoDB DEFAULT CHARSET=utf8mb4 COLLATE=utf8mb4_general_ci;

--
-- Dumping data untuk tabel `tbpegawai`
--

INSERT INTO `tbpegawai` (`nip`, `nama`, `tgl_lahir`, `kota`, `thn_masuk`, `gol`) VALUES
('001', 'Ahmad Burhanuddin', '1990-12-12', 'Bandung', '2010', 3),
('002', 'Amin Imsyorry', '1989-12-02', 'Ciamis', '2009', 2),
('003', 'Budhy Bungaox', '1989-01-20', 'Tasikmalaya', '2011', 4),
('004', 'Zulkarnaen', '1991-02-20', 'Bandung', '2009', 1),
('005', 'Dewi Sudewa', '1990-12-02', 'Bogor', '2009', 1),
('006', 'Ina Nurlian', '1993-08-09', 'Sumedang', '2011', 4),
('007', 'Cheppy Chardut', '1992-07-09', 'Garut', '2011', 4),
('008', 'Dodong M', '1990-07-10', 'Bandung', '2010', 3),
('009', 'Gandung P', '1990-06-25', 'Bogor', '2009', 2),
('010', 'Agus Wisman', '1993-10-17', 'Garut', '2010', 3);

--
-- Indexes for dumped tables
--

--
-- Indeks untuk tabel `mahasiswa`
--
ALTER TABLE `mahasiswa`
  ADD PRIMARY KEY (`nim`);

--
-- Indeks untuk tabel `peminjaman`
--
ALTER TABLE `peminjaman`
  ADD PRIMARY KEY (`id_peminjaman`);

--
-- Indeks untuk tabel `tbgaji`
--
ALTER TABLE `tbgaji`
  ADD PRIMARY KEY (`GOl`);

--
-- Indeks untuk tabel `tbpegawai`
--
ALTER TABLE `tbpegawai`
  ADD PRIMARY KEY (`nip`),
  ADD KEY `gol` (`gol`);

--
-- AUTO_INCREMENT untuk tabel yang dibuang
--

--
-- AUTO_INCREMENT untuk tabel `peminjaman`
--
ALTER TABLE `peminjaman`
  MODIFY `id_peminjaman` int(11) NOT NULL AUTO_INCREMENT, AUTO_INCREMENT=8;

--
-- Ketidakleluasaan untuk tabel pelimpahan (Dumped Tables)
--

--
-- Ketidakleluasaan untuk tabel `tbpegawai`
--
ALTER TABLE `tbpegawai`
  ADD CONSTRAINT `tbpegawai_ibfk_1` FOREIGN KEY (`gol`) REFERENCES `tbgaji` (`GOl`);
COMMIT;

/*!40101 SET CHARACTER_SET_CLIENT=@OLD_CHARACTER_SET_CLIENT */;
/*!40101 SET CHARACTER_SET_RESULTS=@OLD_CHARACTER_SET_RESULTS */;
/*!40101 SET COLLATION_CONNECTION=@OLD_COLLATION_CONNECTION */;
